# meta: schema_version=8, exported_at=2026-05-07T20:17:59Z, record_count=63, confidence_threshold=0
argus_record_id,id,identifier,identifier_type,device_category,manufacturer,model,confidence,source_type,source_url,source_excerpt,geographic_scope,description,first_seen,last_verified,notes
eea6f74486eea9c0,1,e4:aa:ea:80:a1:9b,mac,alpr,Flock Safety,,60,crowdsourced,https://raw.githubusercontent.com/0xXyc/flock-you-wifi-recon/main/README.md,"_flagged:64 ch:10     ← baseline: 0 matches
[+00:07:23.948] MATCH(oui_flock) PROBE_REQ src:e4:aa:ea:80:a1:9b ssid:""<hidden>"" rssi:-82 ch:5 hits:1
[+00:07:24.461] MATCH(oui_flock) PROBE_REQ src:e4:aa:e",US,Flock Safety alpr,2026-05-06 00:30:28,,"OUI E4:AA:EA registered to Liteon Technology Corporation per IEEE MA-L (raw_observations.id=85781) and Wireshark manuf (id=216273). Flock Safety uses Liteon-OEM-supplied WiFi modules per recon-tool README at https://github.com/0xXyc/flock-you-wifi-recon . Manufacturer attribution reflects observed deployment context, not OUI registry. Source: community-inferred MATCH(oui_flock) rule, 13 same-MAC occurrences in same README. Wave-B/B2/C/D/E standing-advisory archives: 0 independent corroboration hits at OUI level (Phase-5 Step-3 sweep, MAC-38)."
ee6ba1f85f7588af,413,00:04:7d,oui,unknown,Motorola Solutions,,55,inferred,https://standards-oui.ieee.org/oui/oui.csv,"MA-L,00047D,Motorola Solutions Inc.,""500 W Monroe Street, Ste 4400  Chicago IL US 60661-3781 """,global,Motorola Solutions unknown,,,"Phase-5 Step-4 follow-on² (MAC-44). raw_observations.id=53738. SAR-9 disposition=accept via alias='Motorola Solutions'. candidate_manufacturer (raw)='Motorola Solutions Inc.'. §8.2 inferred 30–70; baseline 50; adjustments=none. §8.4 strict — device_category='unknown' for OUI-level inference. §11 #13 — Talos-export-banned at staging. Board ratifications: strict-§8.4 MAC-1 [`613ec532`](/MAC/issues/MAC-1#comment-613ec532-d8cb-4f0f-a35b-c811e2864d7d) 2026-05-06T17:08:16Z; SAR-9 [`234faaa7`](/MAC/approvals/234faaa7-e1c0-40fd-a247-f82cb588fc23) 2026-05-06T18:05:53Z.
merged_from_id=473; source_url=https://www.wireshark.org/download/automated/data/manuf; source_excerpt=00:04:7D         	MotorolaSolu	Motorola Solutions Inc."
16f810b92a2695b1,414,10:74:6f,oui,unknown,Motorola Solutions,,55,inferred,https://standards-oui.ieee.org/oui/oui.csv,"MA-L,10746F,MOTOROLA SOLUTIONS MALAYSIA SDN. BHD.,""INNOPLEX, NO. 2A, MEDAN BAYAN LEPAS, BAYAN LEPAS TECHNOPLEX BAYAN LEPAS PENANG MY 11900 """,global,Motorola Solutions unknown,,,"Phase-5 Step-4 follow-on² (MAC-44). raw_observations.id=54039. SAR-9 disposition=accept via alias='Motorola Solutions'. candidate_manufacturer (raw)='MOTOROLA SOLUTIONS MALAYSIA SDN. BHD.'. §8.2 inferred 30–70; baseline 50; adjustments=none. §8.4 strict — device_category='unknown' for OUI-level inference. §11 #13 — Talos-export-banned at staging. Board ratifications: strict-§8.4 MAC-1 [`613ec532`](/MAC/issues/MAC-1#comment-613ec532-d8cb-4f0f-a35b-c811e2864d7d) 2026-05-06T17:08:16Z; SAR-9 [`234faaa7`](/MAC/approvals/234faaa7-e1c0-40fd-a247-f82cb588fc23) 2026-05-06T18:05:53Z.
merged_from_id=499; source_url=https://www.wireshark.org/download/automated/data/manuf; source_excerpt=10:74:6F         	MotorolaSolu	Motorola Solutions Malaysia Sdn. Bhd."
f9114e5c8a1477bc,415,b8:a4:4f,oui,unknown,Axis Communications,,55,inferred,https://standards-oui.ieee.org/oui/oui.csv,"MA-L,B8A44F,Axis Communications AB,Emdalavägen 14 LUND  SE 22369 ",global,Axis Communications unknown,,,"Phase-5 Step-4 follow-on² (MAC-44). raw_observations.id=54374. SAR-9 disposition=accept via alias='Axis Communications'. candidate_manufacturer (raw)='Axis Communications AB'. §8.2 inferred 30–70; baseline 50; adjustments=none. §8.4 strict — device_category='unknown' for OUI-level inference. §11 #13 — Talos-export-banned at staging. Board ratifications: strict-§8.4 MAC-1 [`613ec532`](/MAC/issues/MAC-1#comment-613ec532-d8cb-4f0f-a35b-c811e2864d7d) 2026-05-06T17:08:16Z; SAR-9 [`234faaa7`](/MAC/approvals/234faaa7-e1c0-40fd-a247-f82cb588fc23) 2026-05-06T18:05:53Z.
merged_from_id=525; source_url=https://www.wireshark.org/download/automated/data/manuf; source_excerpt=B8:A4:4F         	AxisCommunic	Axis Communications AB"
1c452b196c10dab1,416,90:3a:e6,oui,unknown,Parrot,,55,inferred,https://standards-oui.ieee.org/oui/oui.csv,"MA-L,903AE6,PARROT SA,174 Quai de Jemmapes Paris  FR 75010 ",global,Parrot unknown,,,"Phase-5 Step-4 follow-on² (MAC-44). raw_observations.id=55414. SAR-9 disposition=accept via alias='Parrot'. candidate_manufacturer (raw)='PARROT SA'. §8.2 inferred 30–70; baseline 50; adjustments=none. §8.4 strict — device_category='unknown' for OUI-level inference. §11 #13 — Talos-export-banned at staging. Board ratifications: strict-§8.4 MAC-1 [`613ec532`](/MAC/issues/MAC-1#comment-613ec532-d8cb-4f0f-a35b-c811e2864d7d) 2026-05-06T17:08:16Z; SAR-9 [`234faaa7`](/MAC/approvals/234faaa7-e1c0-40fd-a247-f82cb588fc23) 2026-05-06T18:05:53Z.
merged_from_id=519; source_url=https://www.wireshark.org/download/automated/data/manuf; source_excerpt=90:3A:E6         	Parrot      	Parrot Sa"
d30df38a13b98013,417,d4:11:d6,oui,gunshot_detect,SoundThinking,,55,inferred,https://standards-oui.ieee.org/oui/oui.csv,"MA-L,D411D6,""ShotSpotter, Inc."",1060 Terra Bella Ave. Mountain View CA US 94043 ",global,SoundThinking gunshot_detect,,,"Phase-5 Step-4 follow-on² (MAC-44). raw_observations.id=57141. SAR-9 disposition=accept via alias='ShotSpotter'. candidate_manufacturer (raw)='ShotSpotter, Inc.'. §8.2 inferred 30–70; baseline 50; adjustments=none. §8.4 strict — device_category='unknown' for OUI-level inference. §11 #13 — Talos-export-banned at staging. Board ratifications: strict-§8.4 MAC-1 [`613ec532`](/MAC/issues/MAC-1#comment-613ec532-d8cb-4f0f-a35b-c811e2864d7d) 2026-05-06T17:08:16Z; SAR-9 [`234faaa7`](/MAC/approvals/234faaa7-e1c0-40fd-a247-f82cb588fc23) 2026-05-06T18:05:53Z.
merged_from_id=528; source_url=https://www.wireshark.org/download/automated/data/manuf; source_excerpt=D4:11:D6         	ShotSpotter 	ShotSpotter, Inc."
107664406ea24c1b,418,00:24:37,oui,unknown,Motorola Solutions,,55,inferred,https://standards-oui.ieee.org/oui/oui.csv,"MA-L,002437,Motorola - BSG,1101 Marina Village Pkwy Alameda CA US 94501 ",global,Motorola Solutions unknown,,,"Phase-5 Step-4 follow-on² (MAC-44). raw_observations.id=57272. SAR-9 disposition=accept via alias='Motorola Solutions'. candidate_manufacturer (raw)='Motorola - BSG'. §8.2 inferred 30–70; baseline 50; adjustments=none. §8.4 strict — device_category='unknown' for OUI-level inference. §11 #13 — Talos-export-banned at staging. Board ratifications: strict-§8.4 MAC-1 [`613ec532`](/MAC/issues/MAC-1#comment-613ec532-d8cb-4f0f-a35b-c811e2864d7d) 2026-05-06T17:08:16Z; SAR-9 [`234faaa7`](/MAC/approvals/234faaa7-e1c0-40fd-a247-f82cb588fc23) 2026-05-06T18:05:53Z.
merged_from_id=482; source_url=https://www.wireshark.org/download/automated/data/manuf; source_excerpt=00:24:37         	MotorolaBSG 	Motorola - BSG"
f7818dc81f66d28a,419,00:17:f3,oui,unknown,Harris,,55,inferred,https://standards-oui.ieee.org/oui/oui.csv,"MA-L,0017F3,Harris Corporation,1025 West NASA Blvd Melbourne FL US 32919 ",global,Harris unknown,,,"Phase-5 Step-4 follow-on² (MAC-44). raw_observations.id=57708. SAR-9 disposition=accept via alias='Harris'. candidate_manufacturer (raw)='Harris Corporation'. §8.2 inferred 30–70; baseline 50; adjustments=none. §8.4 strict — device_category='unknown' for OUI-level inference. §11 #13 — Talos-export-banned at staging. Board ratifications: strict-§8.4 MAC-1 [`613ec532`](/MAC/issues/MAC-1#comment-613ec532-d8cb-4f0f-a35b-c811e2864d7d) 2026-05-06T17:08:16Z; SAR-9 [`234faaa7`](/MAC/approvals/234faaa7-e1c0-40fd-a247-f82cb588fc23) 2026-05-06T18:05:53Z.
merged_from_id=478; source_url=https://www.wireshark.org/download/automated/data/manuf; source_excerpt=00:17:F3         	Harris      	Harris Corporation"
bb30b158ac91f8bc,420,00:0d:4f,oui,unknown,Kenwood,,55,inferred,https://standards-oui.ieee.org/oui/oui.csv,"MA-L,000D4F,Kenwood Corporation,""2967-3, Ishikawa-machi Hachioji-shi Tokyo JP 192-8525 """,global,Kenwood unknown,,,"Phase-5 Step-4 follow-on² (MAC-44). raw_observations.id=58110. SAR-9 disposition=accept via alias='Kenwood'. candidate_manufacturer (raw)='Kenwood Corporation'. §8.2 inferred 30–70; baseline 50; adjustments=none. §8.4 strict — device_category='unknown' for OUI-level inference. §11 #13 — Talos-export-banned at staging. Board ratifications: strict-§8.4 MAC-1 [`613ec532`](/MAC/issues/MAC-1#comment-613ec532-d8cb-4f0f-a35b-c811e2864d7d) 2026-05-06T17:08:16Z; SAR-9 [`234faaa7`](/MAC/approvals/234faaa7-e1c0-40fd-a247-f82cb588fc23) 2026-05-06T18:05:53Z.
merged_from_id=475; source_url=https://www.wireshark.org/download/automated/data/manuf; source_excerpt=00:0D:4F         	Kenwood     	Kenwood Corporation"
2fde1a991a0cd103,421,48:1c:b9,oui,drone,DJI,,55,inferred,https://standards-oui.ieee.org/oui/oui.csv,"MA-L,481CB9,""SZ DJI TECHNOLOGY CO.,LTD"",""DJI Sky City, No55 Xianyuan Road, Nanshan District Shenzhen Guangdong CN 518057 """,global,DJI drone,,,"Phase-5 Step-4 follow-on² (MAC-44). raw_observations.id=59398. SAR-9 disposition=accept via alias='DJI'. candidate_manufacturer (raw)='SZ DJI TECHNOLOGY CO.,LTD'. §8.2 inferred 30–70; baseline 50; adjustments=none. §8.4 strict — device_category='unknown' for OUI-level inference. §11 #13 — Talos-export-banned at staging. Board ratifications: strict-§8.4 MAC-1 [`613ec532`](/MAC/issues/MAC-1#comment-613ec532-d8cb-4f0f-a35b-c811e2864d7d) 2026-05-06T17:08:16Z; SAR-9 [`234faaa7`](/MAC/approvals/234faaa7-e1c0-40fd-a247-f82cb588fc23) 2026-05-06T18:05:53Z.
merged_from_id=503; source_url=https://www.wireshark.org/download/automated/data/manuf; source_excerpt=48:1C:B9         	SzDjiTechnol	Sz Dji Technology Co.,Ltd"
08ba884cc4bbaa57,422,50:13:9d,oui,unknown,Sierra Wireless,,55,inferred,https://standards-oui.ieee.org/oui/oui.csv,"MA-L,50139D,""Sierra Wireless, ULC"",13811 Wireless Way Richmond BC CA V6V 3A4 ",global,Sierra Wireless unknown,,,"Phase-5 Step-4 follow-on² (MAC-44). raw_observations.id=59964. SAR-9 disposition=accept via alias='Sierra Wireless'. candidate_manufacturer (raw)='Sierra Wireless, ULC'. §8.2 inferred 30–70; baseline 50; adjustments=none. §8.4 strict — device_category='unknown' for OUI-level inference. §11 #13 — Talos-export-banned at staging. Board ratifications: strict-§8.4 MAC-1 [`613ec532`](/MAC/issues/MAC-1#comment-613ec532-d8cb-4f0f-a35b-c811e2864d7d) 2026-05-06T17:08:16Z; SAR-9 [`234faaa7`](/MAC/approvals/234faaa7-e1c0-40fd-a247-f82cb588fc23) 2026-05-06T18:05:53Z.
merged_from_id=507; source_url=https://www.wireshark.org/download/automated/data/manuf; source_excerpt=50:13:9D         	SierraWirele	Sierra Wireless, ULC"
759d22ae8c310a68,423,8c:58:23,oui,drone,DJI,,55,inferred,https://standards-oui.ieee.org/oui/oui.csv,"MA-L,8C5823,""SZ DJI TECHNOLOGY CO.,LTD"",""DJI Sky City, No55 Xianyuan Road, Nanshan District Shenzhen Guangdong CN 518057 """,global,DJI drone,,,"Phase-5 Step-4 follow-on² (MAC-44). raw_observations.id=60185. SAR-9 disposition=accept via alias='DJI'. candidate_manufacturer (raw)='SZ DJI TECHNOLOGY CO.,LTD'. §8.2 inferred 30–70; baseline 50; adjustments=none. §8.4 strict — device_category='unknown' for OUI-level inference. §11 #13 — Talos-export-banned at staging. Board ratifications: strict-§8.4 MAC-1 [`613ec532`](/MAC/issues/MAC-1#comment-613ec532-d8cb-4f0f-a35b-c811e2864d7d) 2026-05-06T17:08:16Z; SAR-9 [`234faaa7`](/MAC/approvals/234faaa7-e1c0-40fd-a247-f82cb588fc23) 2026-05-06T18:05:53Z.
merged_from_id=517; source_url=https://www.wireshark.org/download/automated/data/manuf; source_excerpt=8C:58:23         	SzDjiTechnol	Sz Dji Technology Co.,Ltd"
f328f535d79393e4,424,0c:9a:e6,oui,drone,DJI,,55,inferred,https://standards-oui.ieee.org/oui/oui.csv,"MA-L,0C9AE6,""SZ DJI TECHNOLOGY CO.,LTD"",""DJI Sky City,No55 Xianyuan Road,Nanshan District shenzhen Guangdong CN 518057 """,global,DJI drone,,,"Phase-5 Step-4 follow-on² (MAC-44). raw_observations.id=60305. SAR-9 disposition=accept via alias='DJI'. candidate_manufacturer (raw)='SZ DJI TECHNOLOGY CO.,LTD'. §8.2 inferred 30–70; baseline 50; adjustments=none. §8.4 strict — device_category='unknown' for OUI-level inference. §11 #13 — Talos-export-banned at staging. Board ratifications: strict-§8.4 MAC-1 [`613ec532`](/MAC/issues/MAC-1#comment-613ec532-d8cb-4f0f-a35b-c811e2864d7d) 2026-05-06T17:08:16Z; SAR-9 [`234faaa7`](/MAC/approvals/234faaa7-e1c0-40fd-a247-f82cb588fc23) 2026-05-06T18:05:53Z.
merged_from_id=496; source_url=https://www.wireshark.org/download/automated/data/manuf; source_excerpt=0C:9A:E6         	SzDjiTechnol	Sz Dji Technology Co.,Ltd"
dd9b9f36bd8d3ca3,425,84:db:2f,oui,unknown,Sierra Wireless,,55,inferred,https://standards-oui.ieee.org/oui/oui.csv,"MA-L,84DB2F,""Sierra Wireless, ULC"",1381 Wireless Way Richmond BC CA V6V 3A4 ",global,Sierra Wireless unknown,,,"Phase-5 Step-4 follow-on² (MAC-44). raw_observations.id=60750. SAR-9 disposition=accept via alias='Sierra Wireless'. candidate_manufacturer (raw)='Sierra Wireless, ULC'. §8.2 inferred 30–70; baseline 50; adjustments=none. §8.4 strict — device_category='unknown' for OUI-level inference. §11 #13 — Talos-export-banned at staging. Board ratifications: strict-§8.4 MAC-1 [`613ec532`](/MAC/issues/MAC-1#comment-613ec532-d8cb-4f0f-a35b-c811e2864d7d) 2026-05-06T17:08:16Z; SAR-9 [`234faaa7`](/MAC/approvals/234faaa7-e1c0-40fd-a247-f82cb588fc23) 2026-05-06T18:05:53Z.
merged_from_id=514; source_url=https://www.wireshark.org/download/automated/data/manuf; source_excerpt=84:DB:2F         	SierraWirele	Sierra Wireless, ULC"
7dea9c3aa868a56f,426,64:ce:6e,oui,unknown,Sierra Wireless,,55,inferred,https://standards-oui.ieee.org/oui/oui.csv,"MA-L,64CE6E,""Sierra Wireless, ULC"",13811 Wireless Way Richmond BC CA V6V 3A4 ",global,Sierra Wireless unknown,,,"Phase-5 Step-4 follow-on² (MAC-44). raw_observations.id=60755. SAR-9 disposition=accept via alias='Sierra Wireless'. candidate_manufacturer (raw)='Sierra Wireless, ULC'. §8.2 inferred 30–70; baseline 50; adjustments=none. §8.4 strict — device_category='unknown' for OUI-level inference. §11 #13 — Talos-export-banned at staging. Board ratifications: strict-§8.4 MAC-1 [`613ec532`](/MAC/issues/MAC-1#comment-613ec532-d8cb-4f0f-a35b-c811e2864d7d) 2026-05-06T17:08:16Z; SAR-9 [`234faaa7`](/MAC/approvals/234faaa7-e1c0-40fd-a247-f82cb588fc23) 2026-05-06T18:05:53Z.
merged_from_id=510; source_url=https://www.wireshark.org/download/automated/data/manuf; source_excerpt=64:CE:6E         	SierraWirele	Sierra Wireless, ULC"
83e56c1f08115ba8,427,00:1f:92,oui,unknown,Motorola Solutions,,55,inferred,https://standards-oui.ieee.org/oui/oui.csv,"MA-L,001F92,Motorola Solutions Inc.,""500 W Monroe Street, Ste 4400 Chicago IL US 60661-3781 """,global,Motorola Solutions unknown,,,"Phase-5 Step-4 follow-on² (MAC-44). raw_observations.id=62961. SAR-9 disposition=accept via alias='Motorola Solutions'. candidate_manufacturer (raw)='Motorola Solutions Inc.'. §8.2 inferred 30–70; baseline 50; adjustments=none. §8.4 strict — device_category='unknown' for OUI-level inference. §11 #13 — Talos-export-banned at staging. Board ratifications: strict-§8.4 MAC-1 [`613ec532`](/MAC/issues/MAC-1#comment-613ec532-d8cb-4f0f-a35b-c811e2864d7d) 2026-05-06T17:08:16Z; SAR-9 [`234faaa7`](/MAC/approvals/234faaa7-e1c0-40fd-a247-f82cb588fc23) 2026-05-06T18:05:53Z.
merged_from_id=481; source_url=https://www.wireshark.org/download/automated/data/manuf; source_excerpt=00:1F:92         	MotorolaSolu	Motorola Solutions Inc."
58156e31b1fdfc1f,428,0c:bf:15,oui,unknown,Genetec,,55,inferred,https://standards-oui.ieee.org/oui/oui.csv,"MA-L,0CBF15,Genetec Inc.,2280 boul Alfred-Nobel St. Laurent Quebec CA H4S 2A4 ",global,Genetec unknown,,,"Phase-5 Step-4 follow-on² (MAC-44). raw_observations.id=63504. SAR-9 disposition=accept via alias='Genetec'. candidate_manufacturer (raw)='Genetec Inc.'. §8.2 inferred 30–70; baseline 50; adjustments=none. §8.4 strict — device_category='unknown' for OUI-level inference. §11 #13 — Talos-export-banned at staging. Board ratifications: strict-§8.4 MAC-1 [`613ec532`](/MAC/issues/MAC-1#comment-613ec532-d8cb-4f0f-a35b-c811e2864d7d) 2026-05-06T17:08:16Z; SAR-9 [`234faaa7`](/MAC/approvals/234faaa7-e1c0-40fd-a247-f82cb588fc23) 2026-05-06T18:05:53Z.
merged_from_id=497; source_url=https://www.wireshark.org/download/automated/data/manuf; source_excerpt=0C:BF:15         	Genetec     	Genetec Inc."
0e8abf00fbc625b7,429,00:1d:96,oui,unknown,WatchGuard,,55,inferred,https://standards-oui.ieee.org/oui/oui.csv,"MA-L,001D96,WatchGuard Video,3001 Summit Ave. Plano TX US 75074 ",global,WatchGuard unknown,,,"Phase-5 Step-4 follow-on² (MAC-44). raw_observations.id=65374. SAR-9 disposition=accept via alias='WatchGuard'. candidate_manufacturer (raw)='WatchGuard Video'. §8.2 inferred 30–70; baseline 50; adjustments=none. §8.4 strict — device_category='unknown' for OUI-level inference. §11 #13 — Talos-export-banned at staging. Board ratifications: strict-§8.4 MAC-1 [`613ec532`](/MAC/issues/MAC-1#comment-613ec532-d8cb-4f0f-a35b-c811e2864d7d) 2026-05-06T17:08:16Z; SAR-9 [`234faaa7`](/MAC/approvals/234faaa7-e1c0-40fd-a247-f82cb588fc23) 2026-05-06T18:05:53Z.
merged_from_id=480; source_url=https://www.wireshark.org/download/automated/data/manuf; source_excerpt=00:1D:96         	WatchGuardVi	WatchGuard Video"
374727b9c4420369,430,00:02:68,oui,unknown,Harris,,55,inferred,https://standards-oui.ieee.org/oui/oui.csv,"MA-L,000268,Harris Government Communications,Systems Division Melbourne FL US 32902 ",global,Harris unknown,,,"Phase-5 Step-4 follow-on² (MAC-44). raw_observations.id=66554. SAR-9 disposition=accept via alias='Harris'. candidate_manufacturer (raw)='Harris Government Communications'. §8.2 inferred 30–70; baseline 50; adjustments=none. §8.4 strict — device_category='unknown' for OUI-level inference. §11 #13 — Talos-export-banned at staging. Board ratifications: strict-§8.4 MAC-1 [`613ec532`](/MAC/issues/MAC-1#comment-613ec532-d8cb-4f0f-a35b-c811e2864d7d) 2026-05-06T17:08:16Z; SAR-9 [`234faaa7`](/MAC/approvals/234faaa7-e1c0-40fd-a247-f82cb588fc23) 2026-05-06T18:05:53Z.
merged_from_id=472; source_url=https://www.wireshark.org/download/automated/data/manuf; source_excerpt=00:02:68         	HarrisGovern	Harris Government Communications"
8f6d7a48b568c851,431,60:60:1f,oui,drone,DJI,,55,inferred,https://standards-oui.ieee.org/oui/oui.csv,"MA-L,60601F,""SZ DJI TECHNOLOGY CO.,LTD"",""DJI Sky City, No55 Xianyuan Road, Nanshan District Shenzhen Guangdong CN 518057 """,global,DJI drone,,,"Phase-5 Step-4 follow-on² (MAC-44). raw_observations.id=67308. SAR-9 disposition=accept via alias='DJI'. candidate_manufacturer (raw)='SZ DJI TECHNOLOGY CO.,LTD'. §8.2 inferred 30–70; baseline 50; adjustments=none. §8.4 strict — device_category='unknown' for OUI-level inference. §11 #13 — Talos-export-banned at staging. Board ratifications: strict-§8.4 MAC-1 [`613ec532`](/MAC/issues/MAC-1#comment-613ec532-d8cb-4f0f-a35b-c811e2864d7d) 2026-05-06T17:08:16Z; SAR-9 [`234faaa7`](/MAC/approvals/234faaa7-e1c0-40fd-a247-f82cb588fc23) 2026-05-06T18:05:53Z.
merged_from_id=509; source_url=https://www.wireshark.org/download/automated/data/manuf; source_excerpt=60:60:1F         	SzDjiTechnol	Sz Dji Technology Co.,Ltd"
76619ed0f14e349c,432,e4:7a:2c,oui,drone,DJI,,55,inferred,https://standards-oui.ieee.org/oui/oui.csv,"MA-L,E47A2C,""SZ DJI TECHNOLOGY CO.,LTD"",""DJI Sky City, No55 Xianyuan Road, Nanshan District Shenzhen Guangdong CN 518057 """,global,DJI drone,,,"Phase-5 Step-4 follow-on² (MAC-44). raw_observations.id=67309. SAR-9 disposition=accept via alias='DJI'. candidate_manufacturer (raw)='SZ DJI TECHNOLOGY CO.,LTD'. §8.2 inferred 30–70; baseline 50; adjustments=none. §8.4 strict — device_category='unknown' for OUI-level inference. §11 #13 — Talos-export-banned at staging. Board ratifications: strict-§8.4 MAC-1 [`613ec532`](/MAC/issues/MAC-1#comment-613ec532-d8cb-4f0f-a35b-c811e2864d7d) 2026-05-06T17:08:16Z; SAR-9 [`234faaa7`](/MAC/approvals/234faaa7-e1c0-40fd-a247-f82cb588fc23) 2026-05-06T18:05:53Z.
merged_from_id=529; source_url=https://www.wireshark.org/download/automated/data/manuf; source_excerpt=E4:7A:2C         	SzDjiTechnol	Sz Dji Technology Co.,Ltd"
68946bf61c2cabb9,433,00:40:8c,oui,unknown,Axis Communications,,55,inferred,https://standards-oui.ieee.org/oui/oui.csv,"MA-L,00408C,Axis Communications AB,SCHEELEVAGEN 16   SE  ",global,Axis Communications unknown,,,"Phase-5 Step-4 follow-on² (MAC-44). raw_observations.id=67362. SAR-9 disposition=accept via alias='Axis Communications'. candidate_manufacturer (raw)='Axis Communications AB'. §8.2 inferred 30–70; baseline 50; adjustments=none. §8.4 strict — device_category='unknown' for OUI-level inference. §11 #13 — Talos-export-banned at staging. Board ratifications: strict-§8.4 MAC-1 [`613ec532`](/MAC/issues/MAC-1#comment-613ec532-d8cb-4f0f-a35b-c811e2864d7d) 2026-05-06T17:08:16Z; SAR-9 [`234faaa7`](/MAC/approvals/234faaa7-e1c0-40fd-a247-f82cb588fc23) 2026-05-06T18:05:53Z.
merged_from_id=487; source_url=https://www.wireshark.org/download/automated/data/manuf; source_excerpt=00:40:8C         	AxisCommunic	Axis Communications AB"
e1b5d4dcc06bc8a6,434,70:1a:d5,oui,unknown,Avigilon,,55,inferred,https://standards-oui.ieee.org/oui/oui.csv,"MA-L,701AD5,Avigilon Alta,""13428 Maxella Ave, #866 Marina Del Rey CA US 90292 """,global,Avigilon unknown,,,"Phase-5 Step-4 follow-on² (MAC-44). raw_observations.id=67837. SAR-9 disposition=accept via alias='Avigilon'. candidate_manufacturer (raw)='Avigilon Alta'. §8.2 inferred 30–70; baseline 50; adjustments=none. §8.4 strict — device_category='unknown' for OUI-level inference. §11 #13 — Talos-export-banned at staging. Board ratifications: strict-§8.4 MAC-1 [`613ec532`](/MAC/issues/MAC-1#comment-613ec532-d8cb-4f0f-a35b-c811e2864d7d) 2026-05-06T17:08:16Z; SAR-9 [`234faaa7`](/MAC/approvals/234faaa7-e1c0-40fd-a247-f82cb588fc23) 2026-05-06T18:05:53Z.
merged_from_id=511; source_url=https://www.wireshark.org/download/automated/data/manuf; source_excerpt=70:1A:D5         	AvigilonAlta	Avigilon Alta"
26c3eded4bd7bdc1,435,9c:5a:8a,oui,drone,DJI,,55,inferred,https://standards-oui.ieee.org/oui/oui.csv,"MA-L,9C5A8A,DJI BAIWANG TECHNOLOGY CO LTD,""Room 101, Building 12, Baiwangxin Industrial Park, 1002 Songbai Road, Sunshine Community, Xili Street Shenzhen Guangdong CN 518057 """,global,DJI drone,,,"Phase-5 Step-4 follow-on² (MAC-44). raw_observations.id=67842. SAR-9 disposition=accept via alias='DJI'. candidate_manufacturer (raw)='DJI BAIWANG TECHNOLOGY CO LTD'. §8.2 inferred 30–70; baseline 50; adjustments=none. §8.4 strict — device_category='unknown' for OUI-level inference. §11 #13 — Talos-export-banned at staging. Board ratifications: strict-§8.4 MAC-1 [`613ec532`](/MAC/issues/MAC-1#comment-613ec532-d8cb-4f0f-a35b-c811e2864d7d) 2026-05-06T17:08:16Z; SAR-9 [`234faaa7`](/MAC/approvals/234faaa7-e1c0-40fd-a247-f82cb588fc23) 2026-05-06T18:05:53Z.
merged_from_id=520; source_url=https://www.wireshark.org/download/automated/data/manuf; source_excerpt=9C:5A:8A         	DjiBaiwangTe	Dji Baiwang Technology Co Ltd"
108e8f0bd4b6da48,436,88:29:85,oui,drone,DJI,,55,inferred,https://standards-oui.ieee.org/oui/oui.csv,"MA-L,882985,""SZ DJI TECHNOLOGY CO.,LTD"",""DJI Sky City, No55 Xianyuan Road, Nanshan District Shenzhen Guangdong CN 518057 """,global,DJI drone,,,"Phase-5 Step-4 follow-on² (MAC-44). raw_observations.id=68246. SAR-9 disposition=accept via alias='DJI'. candidate_manufacturer (raw)='SZ DJI TECHNOLOGY CO.,LTD'. §8.2 inferred 30–70; baseline 50; adjustments=none. §8.4 strict — device_category='unknown' for OUI-level inference. §11 #13 — Talos-export-banned at staging. Board ratifications: strict-§8.4 MAC-1 [`613ec532`](/MAC/issues/MAC-1#comment-613ec532-d8cb-4f0f-a35b-c811e2864d7d) 2026-05-06T17:08:16Z; SAR-9 [`234faaa7`](/MAC/approvals/234faaa7-e1c0-40fd-a247-f82cb588fc23) 2026-05-06T18:05:53Z.
merged_from_id=515; source_url=https://www.wireshark.org/download/automated/data/manuf; source_excerpt=88:29:85         	SzDjiTechnol	Sz Dji Technology Co.,Ltd"
3c1b876628ba5c24,437,00:06:ec,oui,unknown,Harris,,55,inferred,https://standards-oui.ieee.org/oui/oui.csv,"MA-L,0006EC,Harris Corporation,1025 West NASA Blvd Melbourne FL US 32919 ",global,Harris unknown,,,"Phase-5 Step-4 follow-on² (MAC-44). raw_observations.id=70418. SAR-9 disposition=accept via alias='Harris'. candidate_manufacturer (raw)='Harris Corporation'. §8.2 inferred 30–70; baseline 50; adjustments=none. §8.4 strict — device_category='unknown' for OUI-level inference. §11 #13 — Talos-export-banned at staging. Board ratifications: strict-§8.4 MAC-1 [`613ec532`](/MAC/issues/MAC-1#comment-613ec532-d8cb-4f0f-a35b-c811e2864d7d) 2026-05-06T17:08:16Z; SAR-9 [`234faaa7`](/MAC/approvals/234faaa7-e1c0-40fd-a247-f82cb588fc23) 2026-05-06T18:05:53Z.
merged_from_id=474; source_url=https://www.wireshark.org/download/automated/data/manuf; source_excerpt=00:06:EC         	Harris      	Harris Corporation"
b5dd85cdbeb03302,438,00:12:1c,oui,unknown,Parrot,,55,inferred,https://standards-oui.ieee.org/oui/oui.csv,"MA-L,00121C,PARROT SA,174 Quai de Jemmapes Paris  FR 75010 ",global,Parrot unknown,,,"Phase-5 Step-4 follow-on² (MAC-44). raw_observations.id=71195. SAR-9 disposition=accept via alias='Parrot'. candidate_manufacturer (raw)='PARROT SA'. §8.2 inferred 30–70; baseline 50; adjustments=none. §8.4 strict — device_category='unknown' for OUI-level inference. §11 #13 — Talos-export-banned at staging. Board ratifications: strict-§8.4 MAC-1 [`613ec532`](/MAC/issues/MAC-1#comment-613ec532-d8cb-4f0f-a35b-c811e2864d7d) 2026-05-06T17:08:16Z; SAR-9 [`234faaa7`](/MAC/approvals/234faaa7-e1c0-40fd-a247-f82cb588fc23) 2026-05-06T18:05:53Z.
merged_from_id=476; source_url=https://www.wireshark.org/download/automated/data/manuf; source_excerpt=00:12:1C         	Parrot      	Parrot Sa"
3680762fce7effc7,439,90:03:b7,oui,unknown,Parrot,,55,inferred,https://standards-oui.ieee.org/oui/oui.csv,"MA-L,9003B7,PARROT SA,174 Quai de Jemmapes Paris  FR 75010 ",global,Parrot unknown,,,"Phase-5 Step-4 follow-on² (MAC-44). raw_observations.id=71196. SAR-9 disposition=accept via alias='Parrot'. candidate_manufacturer (raw)='PARROT SA'. §8.2 inferred 30–70; baseline 50; adjustments=none. §8.4 strict — device_category='unknown' for OUI-level inference. §11 #13 — Talos-export-banned at staging. Board ratifications: strict-§8.4 MAC-1 [`613ec532`](/MAC/issues/MAC-1#comment-613ec532-d8cb-4f0f-a35b-c811e2864d7d) 2026-05-06T17:08:16Z; SAR-9 [`234faaa7`](/MAC/approvals/234faaa7-e1c0-40fd-a247-f82cb588fc23) 2026-05-06T18:05:53Z.
merged_from_id=518; source_url=https://www.wireshark.org/download/automated/data/manuf; source_excerpt=90:03:B7         	Parrot      	Parrot Sa"
e6f69467b726c22c,440,a0:14:3d,oui,unknown,Parrot,,55,inferred,https://standards-oui.ieee.org/oui/oui.csv,"MA-L,A0143D,PARROT SA,174 Quai de Jemmapes Paris  FR 75010 ",global,Parrot unknown,,,"Phase-5 Step-4 follow-on² (MAC-44). raw_observations.id=72176. SAR-9 disposition=accept via alias='Parrot'. candidate_manufacturer (raw)='PARROT SA'. §8.2 inferred 30–70; baseline 50; adjustments=none. §8.4 strict — device_category='unknown' for OUI-level inference. §11 #13 — Talos-export-banned at staging. Board ratifications: strict-§8.4 MAC-1 [`613ec532`](/MAC/issues/MAC-1#comment-613ec532-d8cb-4f0f-a35b-c811e2864d7d) 2026-05-06T17:08:16Z; SAR-9 [`234faaa7`](/MAC/approvals/234faaa7-e1c0-40fd-a247-f82cb588fc23) 2026-05-06T18:05:53Z.
merged_from_id=522; source_url=https://www.wireshark.org/download/automated/data/manuf; source_excerpt=A0:14:3D         	Parrot      	Parrot Sa"
13fd07260e6f48dc,441,4c:cc:34,oui,unknown,Motorola Solutions,,55,inferred,https://standards-oui.ieee.org/oui/oui.csv,"MA-L,4CCC34,Motorola Solutions Inc.,One Motorola Plaza Holtsville NY US 11742 ",global,Motorola Solutions unknown,,,"Phase-5 Step-4 follow-on² (MAC-44). raw_observations.id=72308. SAR-9 disposition=accept via alias='Motorola Solutions'. candidate_manufacturer (raw)='Motorola Solutions Inc.'. §8.2 inferred 30–70; baseline 50; adjustments=none. §8.4 strict — device_category='unknown' for OUI-level inference. §11 #13 — Talos-export-banned at staging. Board ratifications: strict-§8.4 MAC-1 [`613ec532`](/MAC/issues/MAC-1#comment-613ec532-d8cb-4f0f-a35b-c811e2864d7d) 2026-05-06T17:08:16Z; SAR-9 [`234faaa7`](/MAC/approvals/234faaa7-e1c0-40fd-a247-f82cb588fc23) 2026-05-06T18:05:53Z.
merged_from_id=506; source_url=https://www.wireshark.org/download/automated/data/manuf; source_excerpt=4C:CC:34         	MotorolaSolu	Motorola Solutions Inc."
1a12b495b1e624d6,442,00:18:85,oui,unknown,Motorola Solutions,,55,inferred,https://standards-oui.ieee.org/oui/oui.csv,"MA-L,001885,Motorola Solutions Inc.,""500 W Monroe Street, Ste 4400 Chicago IL US 60661-3781 """,global,Motorola Solutions unknown,,,"Phase-5 Step-4 follow-on² (MAC-44). raw_observations.id=73429. SAR-9 disposition=accept via alias='Motorola Solutions'. candidate_manufacturer (raw)='Motorola Solutions Inc.'. §8.2 inferred 30–70; baseline 50; adjustments=none. §8.4 strict — device_category='unknown' for OUI-level inference. §11 #13 — Talos-export-banned at staging. Board ratifications: strict-§8.4 MAC-1 [`613ec532`](/MAC/issues/MAC-1#comment-613ec532-d8cb-4f0f-a35b-c811e2864d7d) 2026-05-06T17:08:16Z; SAR-9 [`234faaa7`](/MAC/approvals/234faaa7-e1c0-40fd-a247-f82cb588fc23) 2026-05-06T18:05:53Z.
merged_from_id=479; source_url=https://www.wireshark.org/download/automated/data/manuf; source_excerpt=00:18:85         	MotorolaSolu	Motorola Solutions Inc."
dcaccb6a6f5318ae,443,00:16:00,oui,hacking_tool,Cellebrite,,55,inferred,https://standards-oui.ieee.org/oui/oui.csv,"MA-L,001600,CelleBrite Mobile Synchronization,25 Basel St Petach Tikva  IL 49170 ",global,Cellebrite hacking_tool,,,"Phase-5 Step-4 follow-on² (MAC-44). raw_observations.id=73539. SAR-9 disposition=accept via alias='Cellebrite'. candidate_manufacturer (raw)='CelleBrite Mobile Synchronization'. §8.2 inferred 30–70; baseline 50; adjustments=none. §8.4 strict — device_category='unknown' for OUI-level inference. §11 #13 — Talos-export-banned at staging. Board ratifications: strict-§8.4 MAC-1 [`613ec532`](/MAC/issues/MAC-1#comment-613ec532-d8cb-4f0f-a35b-c811e2864d7d) 2026-05-06T17:08:16Z; SAR-9 [`234faaa7`](/MAC/approvals/234faaa7-e1c0-40fd-a247-f82cb588fc23) 2026-05-06T18:05:53Z.
merged_from_id=477; source_url=https://www.wireshark.org/download/automated/data/manuf; source_excerpt=00:16:00         	CelleBriteMo	CelleBrite Mobile Synchronization"
448af7459a52e1cc,444,58:b8:58,oui,drone,DJI,,55,inferred,https://standards-oui.ieee.org/oui/oui.csv,"MA-L,58B858,""SZ DJI TECHNOLOGY CO.,LTD"",""DJI Sky City, No55 Xianyuan Road, Nanshan District Shenzhen Guangdong CN 518057 """,global,DJI drone,,,"Phase-5 Step-4 follow-on² (MAC-44). raw_observations.id=75447. SAR-9 disposition=accept via alias='DJI'. candidate_manufacturer (raw)='SZ DJI TECHNOLOGY CO.,LTD'. §8.2 inferred 30–70; baseline 50; adjustments=none. §8.4 strict — device_category='unknown' for OUI-level inference. §11 #13 — Talos-export-banned at staging. Board ratifications: strict-§8.4 MAC-1 [`613ec532`](/MAC/issues/MAC-1#comment-613ec532-d8cb-4f0f-a35b-c811e2864d7d) 2026-05-06T17:08:16Z; SAR-9 [`234faaa7`](/MAC/approvals/234faaa7-e1c0-40fd-a247-f82cb588fc23) 2026-05-06T18:05:53Z.
merged_from_id=508; source_url=https://www.wireshark.org/download/automated/data/manuf; source_excerpt=58:B8:58         	SzDjiTechnol	Sz Dji Technology Co.,Ltd"
ccbe7f8e094c1ed2,445,f8:40:68,oui,drone,DJI,,55,inferred,https://standards-oui.ieee.org/oui/oui.csv,"MA-L,F84068,""SZ DJI Ronin Technology Co., Ltd."",""Skyworth Semiconductor Design Building 18 Gaoxin South 4th Avenue, Nanshan District shenzhen Guangdong CN 518057 """,global,DJI drone,,,"Phase-5 Step-4 follow-on² (MAC-44). raw_observations.id=76264. SAR-9 disposition=accept via alias='DJI'. candidate_manufacturer (raw)='SZ DJI Ronin Technology Co., Ltd.'. §8.2 inferred 30–70; baseline 50; adjustments=none. §8.4 strict — device_category='unknown' for OUI-level inference. §11 #13 — Talos-export-banned at staging. Board ratifications: strict-§8.4 MAC-1 [`613ec532`](/MAC/issues/MAC-1#comment-613ec532-d8cb-4f0f-a35b-c811e2864d7d) 2026-05-06T17:08:16Z; SAR-9 [`234faaa7`](/MAC/approvals/234faaa7-e1c0-40fd-a247-f82cb588fc23) 2026-05-06T18:05:53Z.
merged_from_id=532; source_url=https://www.wireshark.org/download/automated/data/manuf; source_excerpt=F8:40:68         	SZDJIRoninTe	SZ DJI Ronin Technology Co., Ltd."
50894ea2e4d6f1e4,446,38:1d:14,oui,drone,Skydio,,55,inferred,https://standards-oui.ieee.org/oui/oui.csv,"MA-L,381D14,Skydio Inc.,114 Hazel Ave Redwood City CA US 94061 ",global,Skydio drone,,,"Phase-5 Step-4 follow-on² (MAC-44). raw_observations.id=78143. SAR-9 disposition=accept via alias='Skydio'. candidate_manufacturer (raw)='Skydio Inc.'. §8.2 inferred 30–70; baseline 50; adjustments=none. §8.4 strict — device_category='unknown' for OUI-level inference. §11 #13 — Talos-export-banned at staging. Board ratifications: strict-§8.4 MAC-1 [`613ec532`](/MAC/issues/MAC-1#comment-613ec532-d8cb-4f0f-a35b-c811e2864d7d) 2026-05-06T17:08:16Z; SAR-9 [`234faaa7`](/MAC/approvals/234faaa7-e1c0-40fd-a247-f82cb588fc23) 2026-05-06T18:05:53Z.
merged_from_id=502; source_url=https://www.wireshark.org/download/automated/data/manuf; source_excerpt=38:1D:14         	Skydio      	Skydio Inc."
99696ff1930ae2c6,447,34:d2:62,oui,drone,DJI,,55,inferred,https://standards-oui.ieee.org/oui/oui.csv,"MA-L,34D262,""SZ DJI TECHNOLOGY CO.,LTD"",""DJI Sky City, No55 Xianyuan Road, Nanshan District Shenzhen Guangdong CN 518057 """,global,DJI drone,,,"Phase-5 Step-4 follow-on² (MAC-44). raw_observations.id=82947. SAR-9 disposition=accept via alias='DJI'. candidate_manufacturer (raw)='SZ DJI TECHNOLOGY CO.,LTD'. §8.2 inferred 30–70; baseline 50; adjustments=none. §8.4 strict — device_category='unknown' for OUI-level inference. §11 #13 — Talos-export-banned at staging. Board ratifications: strict-§8.4 MAC-1 [`613ec532`](/MAC/issues/MAC-1#comment-613ec532-d8cb-4f0f-a35b-c811e2864d7d) 2026-05-06T17:08:16Z; SAR-9 [`234faaa7`](/MAC/approvals/234faaa7-e1c0-40fd-a247-f82cb588fc23) 2026-05-06T18:05:53Z.
merged_from_id=501; source_url=https://www.wireshark.org/download/automated/data/manuf; source_excerpt=34:D2:62         	SzDjiTechnol	Sz Dji Technology Co.,Ltd"
be4c4ac30f67c8e5,448,e8:27:25,oui,unknown,Axis Communications,,55,inferred,https://standards-oui.ieee.org/oui/oui.csv,"MA-L,E82725,Axis Communications AB,Gränden 1 Lund  SE 22369 ",global,Axis Communications unknown,,,"Phase-5 Step-4 follow-on² (MAC-44). raw_observations.id=83018. SAR-9 disposition=accept via alias='Axis Communications'. candidate_manufacturer (raw)='Axis Communications AB'. §8.2 inferred 30–70; baseline 50; adjustments=none. §8.4 strict — device_category='unknown' for OUI-level inference. §11 #13 — Talos-export-banned at staging. Board ratifications: strict-§8.4 MAC-1 [`613ec532`](/MAC/issues/MAC-1#comment-613ec532-d8cb-4f0f-a35b-c811e2864d7d) 2026-05-06T17:08:16Z; SAR-9 [`234faaa7`](/MAC/approvals/234faaa7-e1c0-40fd-a247-f82cb588fc23) 2026-05-06T18:05:53Z.
merged_from_id=530; source_url=https://www.wireshark.org/download/automated/data/manuf; source_excerpt=E8:27:25         	AxisCommunic	Axis Communications AB"
5a15545c78f88aed,449,b4:1e:52,oui,alpr,Flock Safety,,55,inferred,https://standards-oui.ieee.org/oui/oui.csv,"MA-L,B41E52,Flock Safety,1160 Howell Mill Rd NW Atlanta GA US 30318 ",global,Flock Safety alpr,,,"Phase-5 Step-4 follow-on² (MAC-44). raw_observations.id=83198. SAR-9 disposition=accept via alias='Flock Safety'. candidate_manufacturer (raw)='Flock Safety'. §8.2 inferred 30–70; baseline 50; adjustments=none. §8.4 strict — device_category='unknown' for OUI-level inference. §11 #13 — Talos-export-banned at staging. Board ratifications: strict-§8.4 MAC-1 [`613ec532`](/MAC/issues/MAC-1#comment-613ec532-d8cb-4f0f-a35b-c811e2864d7d) 2026-05-06T17:08:16Z; SAR-9 [`234faaa7`](/MAC/approvals/234faaa7-e1c0-40fd-a247-f82cb588fc23) 2026-05-06T18:05:53Z.
merged_from_id=524; source_url=https://www.wireshark.org/download/automated/data/manuf; source_excerpt=B4:1E:52         	FlockSafety 	Flock Safety"
219fd3f03346950a,450,00:25:df,oui,unknown,Axon,,55,inferred,https://standards-oui.ieee.org/oui/oui.csv,"MA-L,0025DF,""Axon Enterprise, Inc."",17800 N 85th St. Scottsdale AZ US 85255 ",global,Axon unknown,,,"Phase-5 Step-4 follow-on² (MAC-44). raw_observations.id=83602. SAR-9 disposition=accept via alias='Axon'. candidate_manufacturer (raw)='Axon Enterprise, Inc.'. §8.2 inferred 30–70; baseline 50; adjustments=none. §8.4 strict — device_category='unknown' for OUI-level inference. §11 #13 — Talos-export-banned at staging. Board ratifications: strict-§8.4 MAC-1 [`613ec532`](/MAC/issues/MAC-1#comment-613ec532-d8cb-4f0f-a35b-c811e2864d7d) 2026-05-06T17:08:16Z; SAR-9 [`234faaa7`](/MAC/approvals/234faaa7-e1c0-40fd-a247-f82cb588fc23) 2026-05-06T18:05:53Z.
merged_from_id=484; source_url=https://www.wireshark.org/download/automated/data/manuf; source_excerpt=00:25:DF         	AxonEnterpri	Axon Enterprise, Inc."
690ec880c2e8716f,451,ec:72:f7,oui,drone,DJI,,55,inferred,https://standards-oui.ieee.org/oui/oui.csv,"MA-L,EC72F7,DJI BAIWANG TECHNOLOGY CO LTD,""Room 101, Building 12, Baiwangxin Industrial Park, 1002 Songbai Road, Sunshine Community, Xili Street Shenzhen Guangdong CN 518057 """,global,DJI drone,,,"Phase-5 Step-4 follow-on² (MAC-44). raw_observations.id=84161. SAR-9 disposition=accept via alias='DJI'. candidate_manufacturer (raw)='DJI BAIWANG TECHNOLOGY CO LTD'. §8.2 inferred 30–70; baseline 50; adjustments=none. §8.4 strict — device_category='unknown' for OUI-level inference. §11 #13 — Talos-export-banned at staging. Board ratifications: strict-§8.4 MAC-1 [`613ec532`](/MAC/issues/MAC-1#comment-613ec532-d8cb-4f0f-a35b-c811e2864d7d) 2026-05-06T17:08:16Z; SAR-9 [`234faaa7`](/MAC/approvals/234faaa7-e1c0-40fd-a247-f82cb588fc23) 2026-05-06T18:05:53Z.
merged_from_id=531; source_url=https://www.wireshark.org/download/automated/data/manuf; source_excerpt=EC:72:F7         	DjiBaiwangTe	Dji Baiwang Technology Co Ltd"
604da50fd6312c9c,452,cc:93:4a,oui,unknown,Sierra Wireless,,55,inferred,https://standards-oui.ieee.org/oui/oui.csv,"MA-L,CC934A,""Sierra Wireless, ULC"",1381 Wireless Way  Richmond BC  CA  GB V6V 3A4  ",global,Sierra Wireless unknown,,,"Phase-5 Step-4 follow-on² (MAC-44). raw_observations.id=84310. SAR-9 disposition=accept via alias='Sierra Wireless'. candidate_manufacturer (raw)='Sierra Wireless, ULC'. §8.2 inferred 30–70; baseline 50; adjustments=none. §8.4 strict — device_category='unknown' for OUI-level inference. §11 #13 — Talos-export-banned at staging. Board ratifications: strict-§8.4 MAC-1 [`613ec532`](/MAC/issues/MAC-1#comment-613ec532-d8cb-4f0f-a35b-c811e2864d7d) 2026-05-06T17:08:16Z; SAR-9 [`234faaa7`](/MAC/approvals/234faaa7-e1c0-40fd-a247-f82cb588fc23) 2026-05-06T18:05:53Z.
merged_from_id=527; source_url=https://www.wireshark.org/download/automated/data/manuf; source_excerpt=CC:93:4A         	SierraWirele	Sierra Wireless, ULC"
18004a32f2123e7a,453,00:a0:d5,oui,unknown,Sierra Wireless,,55,inferred,https://standards-oui.ieee.org/oui/oui.csv,"MA-L,00A0D5,""Sierra Wireless, ULC"",13811 Wireless Way Richmond RICHMOND B.C. CA V6V 3A4 ",global,Sierra Wireless unknown,,,"Phase-5 Step-4 follow-on² (MAC-44). raw_observations.id=84311. SAR-9 disposition=accept via alias='Sierra Wireless'. candidate_manufacturer (raw)='Sierra Wireless, ULC'. §8.2 inferred 30–70; baseline 50; adjustments=none. §8.4 strict — device_category='unknown' for OUI-level inference. §11 #13 — Talos-export-banned at staging. Board ratifications: strict-§8.4 MAC-1 [`613ec532`](/MAC/issues/MAC-1#comment-613ec532-d8cb-4f0f-a35b-c811e2864d7d) 2026-05-06T17:08:16Z; SAR-9 [`234faaa7`](/MAC/approvals/234faaa7-e1c0-40fd-a247-f82cb588fc23) 2026-05-06T18:05:53Z.
merged_from_id=492; source_url=https://www.wireshark.org/download/automated/data/manuf; source_excerpt=00:A0:D5         	SierraWirele	Sierra Wireless, ULC"
647f6524f598ac45,454,28:a3:31,oui,unknown,Sierra Wireless,,55,inferred,https://standards-oui.ieee.org/oui/oui.csv,"MA-L,28A331,""Sierra Wireless, ULC"",13811 Wireless Way Richmond BC CA V6V 3A4 ",global,Sierra Wireless unknown,,,"Phase-5 Step-4 follow-on² (MAC-44). raw_observations.id=84312. SAR-9 disposition=accept via alias='Sierra Wireless'. candidate_manufacturer (raw)='Sierra Wireless, ULC'. §8.2 inferred 30–70; baseline 50; adjustments=none. §8.4 strict — device_category='unknown' for OUI-level inference. §11 #13 — Talos-export-banned at staging. Board ratifications: strict-§8.4 MAC-1 [`613ec532`](/MAC/issues/MAC-1#comment-613ec532-d8cb-4f0f-a35b-c811e2864d7d) 2026-05-06T17:08:16Z; SAR-9 [`234faaa7`](/MAC/approvals/234faaa7-e1c0-40fd-a247-f82cb588fc23) 2026-05-06T18:05:53Z.
merged_from_id=500; source_url=https://www.wireshark.org/download/automated/data/manuf; source_excerpt=28:A3:31         	SierraWirele	Sierra Wireless, ULC"
4779fc22ed03640d,455,00:30:44,oui,unknown,Cradlepoint,,55,inferred,https://standards-oui.ieee.org/oui/oui.csv,"MA-L,003044,""CradlePoint, Inc"",""1100 W. Idaho Street, Suite 800 Boise ID US 83702-5389 """,global,Cradlepoint unknown,,,"Phase-5 Step-4 follow-on² (MAC-44). raw_observations.id=84362. SAR-9 disposition=accept via alias='Cradlepoint'. candidate_manufacturer (raw)='CradlePoint, Inc'. §8.2 inferred 30–70; baseline 50; adjustments=none. §8.4 strict — device_category='unknown' for OUI-level inference. §11 #13 — Talos-export-banned at staging. Board ratifications: strict-§8.4 MAC-1 [`613ec532`](/MAC/issues/MAC-1#comment-613ec532-d8cb-4f0f-a35b-c811e2864d7d) 2026-05-06T17:08:16Z; SAR-9 [`234faaa7`](/MAC/approvals/234faaa7-e1c0-40fd-a247-f82cb588fc23) 2026-05-06T18:05:53Z.
merged_from_id=486; source_url=https://www.wireshark.org/download/automated/data/manuf; source_excerpt=00:30:44         	CradlePoint 	CradlePoint, Inc"
98628dc9d261cdd6,456,00:e0:1c,oui,unknown,Cradlepoint,,55,inferred,https://standards-oui.ieee.org/oui/oui.csv,"MA-L,00E01C,""CradlePoint, Inc"",""1100 W. Idaho Street, Suite 800 Boise ID US 83702-5389 """,global,Cradlepoint unknown,,,"Phase-5 Step-4 follow-on² (MAC-44). raw_observations.id=84363. SAR-9 disposition=accept via alias='Cradlepoint'. candidate_manufacturer (raw)='CradlePoint, Inc'. §8.2 inferred 30–70; baseline 50; adjustments=none. §8.4 strict — device_category='unknown' for OUI-level inference. §11 #13 — Talos-export-banned at staging. Board ratifications: strict-§8.4 MAC-1 [`613ec532`](/MAC/issues/MAC-1#comment-613ec532-d8cb-4f0f-a35b-c811e2864d7d) 2026-05-06T17:08:16Z; SAR-9 [`234faaa7`](/MAC/approvals/234faaa7-e1c0-40fd-a247-f82cb588fc23) 2026-05-06T18:05:53Z.
merged_from_id=494; source_url=https://www.wireshark.org/download/automated/data/manuf; source_excerpt=00:E0:1C         	CradlePoint 	CradlePoint, Inc"
0e6ef5183f5a20a6,457,00:26:7e,oui,unknown,Parrot,,55,inferred,https://standards-oui.ieee.org/oui/oui.csv,"MA-L,00267E,PARROT SA,174 Quai de Jemmapes Paris  FR 75010 ",global,Parrot unknown,,,"Phase-5 Step-4 follow-on² (MAC-44). raw_observations.id=85980. SAR-9 disposition=accept via alias='Parrot'. candidate_manufacturer (raw)='PARROT SA'. §8.2 inferred 30–70; baseline 50; adjustments=none. §8.4 strict — device_category='unknown' for OUI-level inference. §11 #13 — Talos-export-banned at staging. Board ratifications: strict-§8.4 MAC-1 [`613ec532`](/MAC/issues/MAC-1#comment-613ec532-d8cb-4f0f-a35b-c811e2864d7d) 2026-05-06T17:08:16Z; SAR-9 [`234faaa7`](/MAC/approvals/234faaa7-e1c0-40fd-a247-f82cb588fc23) 2026-05-06T18:05:53Z.
merged_from_id=485; source_url=https://www.wireshark.org/download/automated/data/manuf; source_excerpt=00:26:7E         	Parrot      	Parrot Sa"
f7e1c05b9ea4dbd3,458,00:00:c3,oui,unknown,Harris,,55,inferred,https://standards-oui.ieee.org/oui/oui.csv,"MA-L,0000C3,Harris Corporation,1025 West NASA Blvd Melbourne FL US 32919 ",global,Harris unknown,,,"Phase-5 Step-4 follow-on² (MAC-44). raw_observations.id=86182. SAR-9 disposition=accept via alias='Harris'. candidate_manufacturer (raw)='Harris Corporation'. §8.2 inferred 30–70; baseline 50; adjustments=none. §8.4 strict — device_category='unknown' for OUI-level inference. §11 #13 — Talos-export-banned at staging. Board ratifications: strict-§8.4 MAC-1 [`613ec532`](/MAC/issues/MAC-1#comment-613ec532-d8cb-4f0f-a35b-c811e2864d7d) 2026-05-06T17:08:16Z; SAR-9 [`234faaa7`](/MAC/approvals/234faaa7-e1c0-40fd-a247-f82cb588fc23) 2026-05-06T18:05:53Z.
merged_from_id=471; source_url=https://www.wireshark.org/download/automated/data/manuf; source_excerpt=00:00:C3         	Harris      	Harris Corporation"
c7191059bc5b7b64,459,00:bf:15,oui,unknown,Genetec,,55,inferred,https://standards-oui.ieee.org/oui/oui.csv,"MA-L,00BF15,Genetec Inc.,""2280 boul. Alfred-Nobel St,. Laurent Quebec CA H4S 2A4 """,global,Genetec unknown,,,"Phase-5 Step-4 follow-on² (MAC-44). raw_observations.id=88181. SAR-9 disposition=accept via alias='Genetec'. candidate_manufacturer (raw)='Genetec Inc.'. §8.2 inferred 30–70; baseline 50; adjustments=none. §8.4 strict — device_category='unknown' for OUI-level inference. §11 #13 — Talos-export-banned at staging. Board ratifications: strict-§8.4 MAC-1 [`613ec532`](/MAC/issues/MAC-1#comment-613ec532-d8cb-4f0f-a35b-c811e2864d7d) 2026-05-06T17:08:16Z; SAR-9 [`234faaa7`](/MAC/approvals/234faaa7-e1c0-40fd-a247-f82cb588fc23) 2026-05-06T18:05:53Z.
merged_from_id=493; source_url=https://www.wireshark.org/download/automated/data/manuf; source_excerpt=00:BF:15         	Genetec     	Genetec Inc."
0b76b79ee41e4454,460,ac:cc:8e,oui,unknown,Axis Communications,,55,inferred,https://standards-oui.ieee.org/oui/oui.csv,"MA-L,ACCC8E,Axis Communications AB,Emdalavägen 14 LUND  SE 22369 ",global,Axis Communications unknown,,,"Phase-5 Step-4 follow-on² (MAC-44). raw_observations.id=88321. SAR-9 disposition=accept via alias='Axis Communications'. candidate_manufacturer (raw)='Axis Communications AB'. §8.2 inferred 30–70; baseline 50; adjustments=none. §8.4 strict — device_category='unknown' for OUI-level inference. §11 #13 — Talos-export-banned at staging. Board ratifications: strict-§8.4 MAC-1 [`613ec532`](/MAC/issues/MAC-1#comment-613ec532-d8cb-4f0f-a35b-c811e2864d7d) 2026-05-06T17:08:16Z; SAR-9 [`234faaa7`](/MAC/approvals/234faaa7-e1c0-40fd-a247-f82cb588fc23) 2026-05-06T18:05:53Z.
merged_from_id=523; source_url=https://www.wireshark.org/download/automated/data/manuf; source_excerpt=AC:CC:8E         	AxisCommunic	Axis Communications AB"
55e911d833059e9e,461,48:2c:ea,oui,unknown,Motorola Solutions,,55,inferred,https://standards-oui.ieee.org/oui/oui.csv,"MA-L,482CEA,Motorola Inc Business Light Radios,8000 W Sunrise Boulevard Plantation Florida US 33324 ",global,Motorola Solutions unknown,,,"Phase-5 Step-4 follow-on² (MAC-44). raw_observations.id=88509. SAR-9 disposition=accept via alias='Motorola Solutions'. candidate_manufacturer (raw)='Motorola Inc Business Light Radios'. §8.2 inferred 30–70; baseline 50; adjustments=none. §8.4 strict — device_category='unknown' for OUI-level inference. §11 #13 — Talos-export-banned at staging. Board ratifications: strict-§8.4 MAC-1 [`613ec532`](/MAC/issues/MAC-1#comment-613ec532-d8cb-4f0f-a35b-c811e2864d7d) 2026-05-06T17:08:16Z; SAR-9 [`234faaa7`](/MAC/approvals/234faaa7-e1c0-40fd-a247-f82cb588fc23) 2026-05-06T18:05:53Z.
merged_from_id=504; source_url=https://www.wireshark.org/download/automated/data/manuf; source_excerpt=48:2C:EA         	MotorolaBusi	Motorola Inc Business Light Radios"
fa714fb1bf249f86,462,00:24:92,oui,unknown,Motorola Solutions,,55,inferred,https://standards-oui.ieee.org/oui/oui.csv,"MA-L,002492,""Motorola, Broadband Solutions Group"",1101 Marina Village Parkway Alameda CA US 94501 ",global,Motorola Solutions unknown,,,"Phase-5 Step-4 follow-on² (MAC-44). raw_observations.id=88745. SAR-9 disposition=accept via alias='Motorola Solutions'. candidate_manufacturer (raw)='Motorola, Broadband Solutions Group'. §8.2 inferred 30–70; baseline 50; adjustments=none. §8.4 strict — device_category='unknown' for OUI-level inference. §11 #13 — Talos-export-banned at staging. Board ratifications: strict-§8.4 MAC-1 [`613ec532`](/MAC/issues/MAC-1#comment-613ec532-d8cb-4f0f-a35b-c811e2864d7d) 2026-05-06T17:08:16Z; SAR-9 [`234faaa7`](/MAC/approvals/234faaa7-e1c0-40fd-a247-f82cb588fc23) 2026-05-06T18:05:53Z.
merged_from_id=483; source_url=https://www.wireshark.org/download/automated/data/manuf; source_excerpt=00:24:92         	MotorolaBroa	Motorola, Broadband Solutions Group"
bec4da78009bc0c5,463,b8:e2:8c,oui,unknown,Motorola Solutions,,55,inferred,https://standards-oui.ieee.org/oui/oui.csv,"MA-L,B8E28C,MOTOROLA SOLUTIONS MALAYSIA SDN. BHD.,""INNOPLEX, NO. 2A, MEDAN BAYAN LEPAS, BAYAN LEPAS TECHNOPLEX BAYAN LEPAS PENANG MY 11900 """,global,Motorola Solutions unknown,,,"Phase-5 Step-4 follow-on² (MAC-44). raw_observations.id=90954. SAR-9 disposition=accept via alias='Motorola Solutions'. candidate_manufacturer (raw)='MOTOROLA SOLUTIONS MALAYSIA SDN. BHD.'. §8.2 inferred 30–70; baseline 50; adjustments=none. §8.4 strict — device_category='unknown' for OUI-level inference. §11 #13 — Talos-export-banned at staging. Board ratifications: strict-§8.4 MAC-1 [`613ec532`](/MAC/issues/MAC-1#comment-613ec532-d8cb-4f0f-a35b-c811e2864d7d) 2026-05-06T17:08:16Z; SAR-9 [`234faaa7`](/MAC/approvals/234faaa7-e1c0-40fd-a247-f82cb588fc23) 2026-05-06T18:05:53Z.
merged_from_id=526; source_url=https://www.wireshark.org/download/automated/data/manuf; source_excerpt=B8:E2:8C         	MotorolaSolu	Motorola Solutions Malaysia Sdn. Bhd."
edbac6b416864b33,464,04:a8:5a,oui,drone,DJI,,55,inferred,https://standards-oui.ieee.org/oui/oui.csv,"MA-L,04A85A,""SZ DJI TECHNOLOGY CO.,LTD"",""DJI Sky City, No55 Xianyuan Road, Nanshan District Shenzhen Guangdong CN 518057 """,global,DJI drone,,,"Phase-5 Step-4 follow-on² (MAC-44). raw_observations.id=91444. SAR-9 disposition=accept via alias='DJI'. candidate_manufacturer (raw)='SZ DJI TECHNOLOGY CO.,LTD'. §8.2 inferred 30–70; baseline 50; adjustments=none. §8.4 strict — device_category='unknown' for OUI-level inference. §11 #13 — Talos-export-banned at staging. Board ratifications: strict-§8.4 MAC-1 [`613ec532`](/MAC/issues/MAC-1#comment-613ec532-d8cb-4f0f-a35b-c811e2864d7d) 2026-05-06T17:08:16Z; SAR-9 [`234faaa7`](/MAC/approvals/234faaa7-e1c0-40fd-a247-f82cb588fc23) 2026-05-06T18:05:53Z.
merged_from_id=495; source_url=https://www.wireshark.org/download/automated/data/manuf; source_excerpt=04:A8:5A         	SzDjiTechnol	Sz Dji Technology Co.,Ltd"
47f7062efe51278d,465,4c:43:f6,oui,drone,DJI,,55,inferred,https://standards-oui.ieee.org/oui/oui.csv,"MA-L,4C43F6,""SZ DJI TECHNOLOGY CO.,LTD"",""DJI Sky City, No55 Xianyuan Road, Nanshan District Shenzhen Guangdong CN 518057 """,global,DJI drone,,,"Phase-5 Step-4 follow-on² (MAC-44). raw_observations.id=91889. SAR-9 disposition=accept via alias='DJI'. candidate_manufacturer (raw)='SZ DJI TECHNOLOGY CO.,LTD'. §8.2 inferred 30–70; baseline 50; adjustments=none. §8.4 strict — device_category='unknown' for OUI-level inference. §11 #13 — Talos-export-banned at staging. Board ratifications: strict-§8.4 MAC-1 [`613ec532`](/MAC/issues/MAC-1#comment-613ec532-d8cb-4f0f-a35b-c811e2864d7d) 2026-05-06T17:08:16Z; SAR-9 [`234faaa7`](/MAC/approvals/234faaa7-e1c0-40fd-a247-f82cb588fc23) 2026-05-06T18:05:53Z.
merged_from_id=505; source_url=https://www.wireshark.org/download/automated/data/manuf; source_excerpt=4C:43:F6         	SzDjiTechnol	Sz Dji Technology Co.,Ltd"
2d83bcd3cf36b221,466,9c:86:2b,oui,unknown,Motorola Solutions,,55,inferred,https://standards-oui.ieee.org/oui/oui.csv,"MA-L,9C862B,MOTOROLA SOLUTIONS MALAYSIA SDN. BHD.,""INNOPLEX, NO. 2A, MEDAN BAYAN LEPAS, BAYAN LEPAS TECHNOPLEX BAYAN LEPAS PENANG MY 11900 """,global,Motorola Solutions unknown,,,"Phase-5 Step-4 follow-on² (MAC-44). raw_observations.id=92051. SAR-9 disposition=accept via alias='Motorola Solutions'. candidate_manufacturer (raw)='MOTOROLA SOLUTIONS MALAYSIA SDN. BHD.'. §8.2 inferred 30–70; baseline 50; adjustments=none. §8.4 strict — device_category='unknown' for OUI-level inference. §11 #13 — Talos-export-banned at staging. Board ratifications: strict-§8.4 MAC-1 [`613ec532`](/MAC/issues/MAC-1#comment-613ec532-d8cb-4f0f-a35b-c811e2864d7d) 2026-05-06T17:08:16Z; SAR-9 [`234faaa7`](/MAC/approvals/234faaa7-e1c0-40fd-a247-f82cb588fc23) 2026-05-06T18:05:53Z.
merged_from_id=521; source_url=https://www.wireshark.org/download/automated/data/manuf; source_excerpt=9C:86:2B         	MotorolaSolu	Motorola Solutions Malaysia Sdn. Bhd."
9f9f5f687fcacdc4,467,10:63:a3:1,mac_range,unknown,Jacobs,,55,inferred,https://standards-oui.ieee.org/oui28/mam.csv,"MA-M,1063A31,""Jacobs Technology, Inc."",7765 Old Telegraph Road Severn MD US 21144 ",global,Jacobs unknown,,,"Phase-5 Step-4 follow-on² (MAC-44). raw_observations.id=96943. SAR-9 disposition=accept via alias='Jacobs'. candidate_manufacturer (raw)='Jacobs Technology, Inc.'. §8.2 inferred 30–70; baseline 50; adjustments=none. §8.4 strict — device_category='unknown' for OUI-level inference. §11 #13 — Talos-export-banned at staging. Board ratifications: strict-§8.4 MAC-1 [`613ec532`](/MAC/issues/MAC-1#comment-613ec532-d8cb-4f0f-a35b-c811e2864d7d) 2026-05-06T17:08:16Z; SAR-9 [`234faaa7`](/MAC/approvals/234faaa7-e1c0-40fd-a247-f82cb588fc23) 2026-05-06T18:05:53Z.
merged_from_id=498; source_url=https://www.wireshark.org/download/automated/data/manuf; source_excerpt=10:63:A3:10/28   	JacobsTechno	Jacobs Technology, Inc."
b75eecc481e8be2a,468,8c:1f:64:a9:8,mac_range,unknown,Jacobs,,55,inferred,https://standards-oui.ieee.org/oui36/oui36.csv,"MA-S,8C1F64A98,""Jacobs Technology, Inc."",7765 Old Telegraph Road Severn MD US 21144 ",global,Jacobs unknown,,,"Phase-5 Step-4 follow-on² (MAC-44). raw_observations.id=99851. SAR-9 disposition=accept via alias='Jacobs'. candidate_manufacturer (raw)='Jacobs Technology, Inc.'. §8.2 inferred 30–70; baseline 50; adjustments=none. §8.4 strict — device_category='unknown' for OUI-level inference. §11 #13 — Talos-export-banned at staging. Board ratifications: strict-§8.4 MAC-1 [`613ec532`](/MAC/issues/MAC-1#comment-613ec532-d8cb-4f0f-a35b-c811e2864d7d) 2026-05-06T17:08:16Z; SAR-9 [`234faaa7`](/MAC/approvals/234faaa7-e1c0-40fd-a247-f82cb588fc23) 2026-05-06T18:05:53Z.
merged_from_id=516; source_url=https://www.wireshark.org/download/automated/data/manuf; source_excerpt=8C:1F:64:A9:80/36	JacobsTechno	Jacobs Technology, Inc."
5dbcec4e3576bc7e,469,70:b3:d5:7c:b,mac_range,unknown,KeyW,,55,inferred,https://standards-oui.ieee.org/oui36/oui36.csv,"MA-S,70B3D57CB,KeyW Corporation,7763 Old Telegraph Road Severn MD US 21144 ",global,KeyW unknown,,,"Phase-5 Step-4 follow-on² (MAC-44). raw_observations.id=104555. SAR-9 disposition=accept via alias='KeyW'. candidate_manufacturer (raw)='KeyW Corporation'. §8.2 inferred 30–70; baseline 50; adjustments=none. §8.4 strict — device_category='unknown' for OUI-level inference. §11 #13 — Talos-export-banned at staging. Board ratifications: strict-§8.4 MAC-1 [`613ec532`](/MAC/issues/MAC-1#comment-613ec532-d8cb-4f0f-a35b-c811e2864d7d) 2026-05-06T17:08:16Z; SAR-9 [`234faaa7`](/MAC/approvals/234faaa7-e1c0-40fd-a247-f82cb588fc23) 2026-05-06T18:05:53Z.
merged_from_id=512; source_url=https://www.wireshark.org/download/automated/data/manuf; source_excerpt=70:B3:D5:7C:B0/36	KeyW        	KeyW Corporation"
45d38a052c7edd14,470,70:b3:d5:98:7,mac_range,unknown,Axis Communications,,55,inferred,https://standards-oui.ieee.org/oui36/oui36.csv,"MA-S,70B3D5987,AXIS CORPORATION,Higashi Tokorozawa 2-24-5 Tokorozawa-shi Saitama JP 359-0021 ",global,Axis Communications unknown,,,"Phase-5 Step-4 follow-on² (MAC-44). raw_observations.id=104841. SAR-9 disposition=accept via alias='Axis'. candidate_manufacturer (raw)='AXIS CORPORATION'. §8.2 inferred 30–70; baseline 50; adjustments=none. §8.4 strict — device_category='unknown' for OUI-level inference. §11 #13 — Talos-export-banned at staging. Board ratifications: strict-§8.4 MAC-1 [`613ec532`](/MAC/issues/MAC-1#comment-613ec532-d8cb-4f0f-a35b-c811e2864d7d) 2026-05-06T17:08:16Z; SAR-9 [`234faaa7`](/MAC/approvals/234faaa7-e1c0-40fd-a247-f82cb588fc23) 2026-05-06T18:05:53Z.
merged_from_id=513; source_url=https://www.wireshark.org/download/automated/data/manuf; source_excerpt=70:B3:D5:98:70/36	Axis        	Axis Corporation"
51a6820b4c5b770c,488,00:50:c2:2a:5,mac_range,unknown,Septier,,50,inferred,https://www.wireshark.org/download/automated/data/manuf,00:50:C2:2A:50/36	SeptierCommu	Septier Communication Ltd,global,Septier unknown,,,Phase-5 Step-4 follow-on² (MAC-44). raw_observations.id=174102. SAR-9 disposition=accept via alias='Septier'. candidate_manufacturer (raw)='Septier Communication Ltd'. §8.2 inferred 30–70; baseline 50; adjustments=none. §8.4 strict — device_category='unknown' for OUI-level inference. §11 #13 — Talos-export-banned at staging. Board ratifications: strict-§8.4 MAC-1 [`613ec532`](/MAC/issues/MAC-1#comment-613ec532-d8cb-4f0f-a35b-c811e2864d7d) 2026-05-06T17:08:16Z; SAR-9 [`234faaa7`](/MAC/approvals/234faaa7-e1c0-40fd-a247-f82cb588fc23) 2026-05-06T18:05:53Z.
bd03be93a4feca40,489,00:50:c2:36:0,mac_range,unknown,Digital Receiver Technology,,50,inferred,https://www.wireshark.org/download/automated/data/manuf,00:50:C2:36:00/36	DigitalRecei	Digital Receiver Technology,global,Digital Receiver Technology unknown,,,Phase-5 Step-4 follow-on² (MAC-44). raw_observations.id=174289. SAR-9 disposition=accept via alias='Digital Receiver Technology'. candidate_manufacturer (raw)='Digital Receiver Technology'. §8.2 inferred 30–70; baseline 50; adjustments=none. §8.4 strict — device_category='unknown' for OUI-level inference. §11 #13 — Talos-export-banned at staging. Board ratifications: strict-§8.4 MAC-1 [`613ec532`](/MAC/issues/MAC-1#comment-613ec532-d8cb-4f0f-a35b-c811e2864d7d) 2026-05-06T17:08:16Z; SAR-9 [`234faaa7`](/MAC/approvals/234faaa7-e1c0-40fd-a247-f82cb588fc23) 2026-05-06T18:05:53Z.
9f2b46bbcab904fb,490,00:50:c2:a3:2,mac_range,unknown,Harris,,50,inferred,https://www.wireshark.org/download/automated/data/manuf,"00:50:C2:A3:20/36	HarrisDesign	Harris Designs of NRV, Inc.",global,Harris unknown,,,"Phase-5 Step-4 follow-on² (MAC-44). raw_observations.id=176035. SAR-9 disposition=accept via alias='Harris'. candidate_manufacturer (raw)='Harris Designs of NRV, Inc.'. §8.2 inferred 30–70; baseline 50; adjustments=none. §8.4 strict — device_category='unknown' for OUI-level inference. §11 #13 — Talos-export-banned at staging. Board ratifications: strict-§8.4 MAC-1 [`613ec532`](/MAC/issues/MAC-1#comment-613ec532-d8cb-4f0f-a35b-c811e2864d7d) 2026-05-06T17:08:16Z; SAR-9 [`234faaa7`](/MAC/approvals/234faaa7-e1c0-40fd-a247-f82cb588fc23) 2026-05-06T18:05:53Z."
148de34cadb52fd8,491,00:50:c2:be:7,mac_range,unknown,Genetec,,50,inferred,https://www.wireshark.org/download/automated/data/manuf,00:50:C2:BE:70/36	Genetec     	Genetec Inc.,global,Genetec unknown,,,Phase-5 Step-4 follow-on² (MAC-44). raw_observations.id=176471. SAR-9 disposition=accept via alias='Genetec'. candidate_manufacturer (raw)='Genetec Inc.'. §8.2 inferred 30–70; baseline 50; adjustments=none. §8.4 strict — device_category='unknown' for OUI-level inference. §11 #13 — Talos-export-banned at staging. Board ratifications: strict-§8.4 MAC-1 [`613ec532`](/MAC/issues/MAC-1#comment-613ec532-d8cb-4f0f-a35b-c811e2864d7d) 2026-05-06T17:08:16Z; SAR-9 [`234faaa7`](/MAC/approvals/234faaa7-e1c0-40fd-a247-f82cb588fc23) 2026-05-06T18:05:53Z.
